{
    "accuracy": 0.795,
    "precision": 0.7956989247311828,
    "recall": 0.7708333333333334,
    "auc": 0.8491586538461539
}